CFOP;Tipo;Origem/Destino;Categoria;Descrição
1.101;Entrada;Dentro do Estado;Compras;Compra para industrialização ou produção rural (NR Ajuste SINIEF 05/2005) (Decreto 28.868/2006)
1.102;Entrada;Dentro do Estado;Compras;Compra para comercialização
1.111;Entrada;Dentro do Estado;Compras;Compra para industrialização de mercadoria recebida anteriormente em consignação industrial
1.113;Entrada;Dentro do Estado;Compras;Compra para comercialização, de mercadoria recebida anteriormente em consignação mercantil
1.116;Entrada;Dentro do Estado;Compras;Compra para industrialização ou produção rural originada de encomenda para recebimento futuro (NR Ajuste SINIEF 05/2005) (Decreto 28.868/2006)
1.117;Entrada;Dentro do Estado;Compras;Compra para comercialização originada de encomenda para recebimento futuro
1.118;Entrada;Dentro do Estado;Compras;Compra de mercadoria para comercialização pelo adquirente originário, entregue pelo vendedor remetente ao destinatário, em venda à ordem.
1.120;Entrada;Dentro do Estado;Compras;Compra para industrialização, em venda à ordem, já recebida do vendedor remetente
1.121;Entrada;Dentro do Estado;Compras;Compra para comercialização, em venda à ordem, já recebida do vendedor remetente
1.122;Entrada;Dentro do Estado;Compras;Compra para industrialização em que a mercadoria foi remetida pelo fornecedor ao industrializador sem transitar pelo estabelecimento adquirente
1.125;Entrada;Dentro do Estado;Compras;Industrialização efetuada por outra empresa quando a mercadoria remetida para utilização no processo de industrialização não transitou pelo estabelecimento adquirente da mercadoria
1.126;Entrada;Dentro do Estado;Compras;Compra para utilização na prestação de serviço sujeita ao ICMS (AJUSTE SINIEF 4, DE 9 DE JULHO DE 2010) - DECRETO 36.465/2011
1.128;Entrada;Dentro do Estado;Compras;Compra para utilização na prestação de serviço sujeita ao ISSQN(AJUSTE SINIEF 4, DE 9 DE JULHO DE 2010) efeitos a partir de 1º de janeiro de 2011- DECRETO 36.465/2011
1.150;Entrada;Dentro do Estado;Transferências;TRANSFERÊNCIAS PARA INDUSTRIALIZAÇÃO, PRODUÇÃO RURAL, COMERCIALIZAÇÃO OU PRESTAÇÃO DE SERVIÇOS (NR Ajuste SINIEF 05/2005) (Decreto 28.868/2006)
1.151;Entrada;Dentro do Estado;Transferências;Transferência para industrialização ou produção rural (NR Ajuste SINIEF 05/2005) (Decreto 28.868/2006)
1.152;Entrada;Dentro do Estado;Transferências;Transferência para comercialização
1.153;Entrada;Dentro do Estado;Energia Elétrica;Transferência de energia elétrica para distribuição
1.154;Entrada;Dentro do Estado;Transferências;Transferência para utilização na prestação de serviço
1.201;Entrada;Dentro do Estado;Devolução;Devolução de venda de produção do estabelecimento
1.202;Entrada;Dentro do Estado;Devolução;Devolução de venda de mercadoria adquirida ou recebida de terceiros
1.203;Entrada;Dentro do Estado;Devolução;Devolução de venda de produção do estabelecimento, destinada à Zona Franca de Manaus ou Áreas de Livre Comércio
1.204;Entrada;Dentro do Estado;Devolução;Devolução de venda de mercadoria adquirida ou recebida de terceiros, destinada à Zona Franca de Manaus ou Áreas de Livre Comércio
1.205;Entrada;Dentro do Estado;Comunicação;Anulação de valor relativo à prestação de serviço de comunicação
1.206;Entrada;Dentro do Estado;Transporte;Anulação de valor relativo à prestação de serviço de transporte
1.207;Entrada;Dentro do Estado;Energia Elétrica;Anulação de valor relativo à venda de energia elétrica
1.208;Entrada;Dentro do Estado;Transferências;Devolução de produção do estabelecimento, remetida em transferência
1.209;Entrada;Dentro do Estado;Transferências;Devolução de mercadoria adquirida ou recebida de terceiros, remetida em transferência
1.250;Entrada;Dentro do Estado;Energia Elétrica;COMPRAS DE ENERGIA ELÉTRICA
1.251;Entrada;Dentro do Estado;Energia Elétrica;Compra de energia elétrica para distribuição ou comercialização
1.252;Entrada;Dentro do Estado;Energia Elétrica;Compra de energia elétrica por estabelecimento industrial
1.253;Entrada;Dentro do Estado;Energia Elétrica;Compra de energia elétrica por estabelecimento comercial
1.254;Entrada;Dentro do Estado;Energia Elétrica;Compra de energia elétrica por estabelecimento prestador de serviço de transporte
1.255;Entrada;Dentro do Estado;Energia Elétrica;Compra de energia elétrica por estabelecimento prestador de serviço de comunicação
1.256;Entrada;Dentro do Estado;Energia Elétrica;Compra de energia elétrica por estabelecimento de produtor rural
1.257;Entrada;Dentro do Estado;Energia Elétrica;Compra de energia elétrica para consumo por demanda contratada
1.301;Entrada;Dentro do Estado;Comunicação;Aquisição de serviço de comunicação para execução de serviço da mesma natureza
1.302;Entrada;Dentro do Estado;Comunicação;Aquisição de serviço de comunicação por estabelecimento industrial
1.303;Entrada;Dentro do Estado;Comunicação;Aquisição de serviço de comunicação por estabelecimento comercial
1.304;Entrada;Dentro do Estado;Comunicação;Aquisição de serviço de comunicação por estabelecimento de prestador de serviço de transporte
1.305;Entrada;Dentro do Estado;Energia Elétrica;Aquisição de serviço de comunicação por estabelecimento de geradora ou de distribuidora de energia elétrica
1.306;Entrada;Dentro do Estado;Comunicação;Aquisição de serviço de comunicação por estabelecimento de produtor rural
1.350;Entrada;Dentro do Estado;Transporte;AQUISIÇÕES DE SERVIÇOS DE TRANSPORTE
1.351;Entrada;Dentro do Estado;Transporte;Aquisição de serviço de transporte para execução de serviço da mesma natureza
1.352;Entrada;Dentro do Estado;Transporte;Aquisição de serviço de transporte por estabelecimento industrial
1.353;Entrada;Dentro do Estado;Transporte;Aquisição de serviço de transporte por estabelecimento comercial
1.354;Entrada;Dentro do Estado;Comunicação;Aquisição de serviço de transporte por estabelecimento de prestador de serviço de comunicação
1.355;Entrada;Dentro do Estado;Energia Elétrica;Aquisição de serviço de transporte por estabelecimento de geradora ou de distribuidora de energia elétrica
1.356;Entrada;Dentro do Estado;Transporte;Aquisição de serviço de transporte por estabelecimento de produtor rural
1.360;Entrada;Dentro do Estado;Transporte;Aquisição de serviço de transporte por contribuinte-substituto em relação ao serviço de transporte (ACR) (Ajuste SINIEF 06/2007- Decreto nº 30.861/2007) –– a partir de 01.01.2008
1.401;Entrada;Dentro do Estado;Compras;Compra para industrialização ou produção rural de mercadoria sujeita ao regime de substituição tributária (NR Ajuste SINIEF 05/2005) (Decreto 28.868/2006)
1.403;Entrada;Dentro do Estado;Compras;Compra para comercialização em operação com mercadoria sujeita ao regime de substituição tributária
1.406;Entrada;Dentro do Estado;Ativo Permanente;Compra de bem para o ativo imobilizado cuja mercadoria está sujeita ao regime de substituição tributária
1.407;Entrada;Dentro do Estado;Uso ou Consumo;Compra de mercadoria para uso ou consumo cuja mercadoria está sujeita ao regime de substituição tributária
1.408;Entrada;Dentro do Estado;Transferências;Transferência para industrialização ou produção rural de mercadoria sujeita ao regime de substituição tributária (NR Ajuste SINIEF 05/2005) (Decreto 28.868/2006)
1.409;Entrada;Dentro do Estado;Transferências;Transferência para comercialização em operação com mercadoria sujeita ao regime de substituição tributária
1.410;Entrada;Dentro do Estado;Devolução;Devolução de venda de mercadoria, de produção do estabelecimento, sujeita ao regime de substituição tributária
1.411;Entrada;Dentro do Estado;Devolução;Devolução de venda de mercadoria adquirida ou recebida de terceiros em operação com mercadoria sujeita ao regime de substituição tributária
1.414;Entrada;Dentro do Estado;Outras;Retorno de mercadoria de produção do estabelecimento, remetida para venda fora do estabelecimento, sujeita ao regime de substituição tributária
1.415;Entrada;Dentro do Estado;Outras;Retorno de mercadoria adquirida ou recebida de terceiros, remetida para venda fora do estabelecimento em operação com mercadoria sujeita ao regime de substituição tributária
1.450;Entrada;Dentro do Estado;Outras;SISTEMAS DE INTEGRAÇÃO
1.451;Entrada;Dentro do Estado;Outras;Retorno de animal do estabelecimento produtor
1.452;Entrada;Dentro do Estado;Outras;Retorno de insumo não utilizado na produção
1.501;Entrada;Dentro do Estado;Outras;Entrada de mercadoria recebida com fim específico de exportação
1.503;Entrada;Dentro do Estado;Devolução;Entrada decorrente de devolução de produto, de fabricação do estabelecimento, remetido com fim específico de exportação
1.504;Entrada;Dentro do Estado;Devolução;Entrada decorrente de devolução de mercadoria remetida com fim específico de exportação, adquirida ou recebida de terceiros
1.505;Entrada;Dentro do Estado;Devolução;Entrada decorrente de devolução simbólica de mercadoria remetida para formação de lote de exportação, de produto industrializado ou produzido pelo próprio estabelecimento.
1.506;Entrada;Dentro do Estado;Devolução;Entrada decorrente de devolução simbólica de mercadoria, adquirida ou recebida de terceiros, remetida para formação de lote de exportação.
1.550;Entrada;Dentro do Estado;Outras;OPERAÇÕES COM BENS DE ATIVO IMOBILIZADO E MATERIAIS PARA USO OU CONSUMO
1.551;Entrada;Dentro do Estado;Ativo Permanente;Compra de bem para o ativo imobilizado
1.552;Entrada;Dentro do Estado;Transferências;Transferência de bem do ativo imobilizado
1.553;Entrada;Dentro do Estado;Devolução;Devolução de venda de bem do ativo imobilizado
1.554;Entrada;Dentro do Estado;Outras;Retorno de bem do ativo imobilizado remetido para uso fora do estabelecimento
1.555;Entrada;Dentro do Estado;Outras;Entrada de bem do ativo imobilizado de terceiro, remetido para uso no estabelecimento
1.556;Entrada;Dentro do Estado;Uso ou Consumo;Compra de material para uso ou consumo
1.557;Entrada;Dentro do Estado;Transferências;Transferência de material para uso ou consumo
1.601;Entrada;Dentro do Estado;Transferências;Recebimento, por transferência, de crédito de ICMS
1.602;Entrada;Dentro do Estado;Transferências;Recebimento, por transferência, de saldo credor do ICMS, de outro estabelecimento da mesma empresa, para compensação de saldo devedor do imposto.
1.603;Entrada;Dentro do Estado;Outras;Ressarcimento de ICMS retido por substituição tributária
1.604;Entrada;Dentro do Estado;Outras;Lançamento do crédito relativo à compra de bem para o ativo imobilizado
1.605;Entrada;Dentro do Estado;Transferências;Recebimento, por transferência, de saldo devedor do ICMS de outro estabelecimento da mesma empresa
1.650;Entrada;Dentro do Estado;Outras;ENTRADAS DE COMBUSTÍVEIS, DERIVADOS OU NÃO DE PETRÓLEO, E LUBRIFICANTES (ACR Ajuste SINIEF 9/2003 - a partir 01.01.2004)
1.651;Entrada;Dentro do Estado;Compras;Compra de combustível ou lubrificante para industrialização subseqüente
1.652;Entrada;Dentro do Estado;Compras;Compra de combustível ou lubrificante para comercialização
1.653;Entrada;Dentro do Estado;Uso ou Consumo;Compra de combustível ou lubrificante por consumidor ou usuário final
1.658;Entrada;Dentro do Estado;Transferências;Transferência de combustível ou lubrificante para industrialização
1.659;Entrada;Dentro do Estado;Transferências;Transferência de combustível ou lubrificante para comercialização
1.660;Entrada;Dentro do Estado;Devolução;Devolução de venda de combustível ou lubrificante destinados à industrialização subseqüente
1.661;Entrada;Dentro do Estado;Devolução;Devolução de venda de combustível ou lubrificante destinados à comercialização
1.662;Entrada;Dentro do Estado;Devolução;Devolução de venda de combustível ou lubrificante destinados a consumidor ou usuário final
1.663;Entrada;Dentro do Estado;Outras;Entrada de combustível ou lubrificante para armazenagem
1.664;Entrada;Dentro do Estado;Outras;Retorno de combustível ou lubrificante remetidos para armazenagem
1.901;Entrada;Dentro do Estado;Outras;Entrada para industrialização por encomenda
1.902;Entrada;Dentro do Estado;Outras;Retorno de mercadoria remetida para industrialização por encomenda
1.903;Entrada;Dentro do Estado;Outras;Entrada de mercadoria remetida para industrialização e não aplicada no referido processo
1.904;Entrada;Dentro do Estado;Outras;Retorno de remessa para venda fora do estabelecimento
1.905;Entrada;Dentro do Estado;Outras;Entrada de mercadoria recebida para depósito em depósito fechado ou armazém geral
1.906;Entrada;Dentro do Estado;Outras;Retorno de mercadoria remetida para depósito fechado ou armazém geral
1.907;Entrada;Dentro do Estado;Outras;Retorno simbólico de mercadoria remetida para depósito fechado ou armazém geral
1.908;Entrada;Dentro do Estado;Outras;Entrada de bem por conta de contrato de comodato
1.909;Entrada;Dentro do Estado;Outras;Retorno de bem remetido por conta de contrato de comodato
1.910;Entrada;Dentro do Estado;Outras;Entrada de bonificação, doação ou brinde
1.911;Entrada;Dentro do Estado;Outras;Entrada de amostra grátis
1.912;Entrada;Dentro do Estado;Outras;Entrada de mercadoria ou bem recebido para demonstração
1.913;Entrada;Dentro do Estado;Outras;Retorno de mercadoria ou bem remetido para demonstração
1.914;Entrada;Dentro do Estado;Outras;Retorno de mercadoria ou bem remetido para exposição ou feira
1.915;Entrada;Dentro do Estado;Outras;Entrada de mercadoria ou bem recebido para conserto ou reparo
1.916;Entrada;Dentro do Estado;Outras;Retorno de mercadoria ou bem remetido para conserto ou reparo
1.917;Entrada;Dentro do Estado;Outras;Entrada de mercadoria recebida em consignação mercantil ou industrial
1.918;Entrada;Dentro do Estado;Devolução;Devolução de mercadoria remetida em consignação mercantil ou industrial
1.919;Entrada;Dentro do Estado;Devolução;Devolução simbólica de mercadoria vendida ou utilizada em processo industrial, remetida anteriormente em consignação mercantil ou industrial
1.920;Entrada;Dentro do Estado;Outras;Entrada de vasilhame ou sacaria
1.921;Entrada;Dentro do Estado;Outras;Retorno de vasilhame ou sacaria
1.922;Entrada;Dentro do Estado;Outras;Lançamento efetuado a título de simples faturamento decorrente de compra para recebimento futuro
1.923;Entrada;Dentro do Estado;Outras;Entrada de mercadoria recebida do vendedor remetente, em venda à ordem
1.924;Entrada;Dentro do Estado;Outras;Entrada para industrialização por conta e ordem do adquirente da mercadoria, quando esta não transitar pelo estabelecimento do adquirente
1.925;Entrada;Dentro do Estado;Outras;Retorno de mercadoria remetida para industrialização por conta e ordem do adquirente da mercadoria, quando esta não transitar pelo estabelecimento do adquirente
1.926;Entrada;Dentro do Estado;Outras;Lançamento efetuado a título de reclassificação de mercadoria decorrente de formação de kit ou de sua desagregação
1.931;Entrada;Dentro do Estado;Transporte;Lançamento efetuado pelo tomador do serviço de transporte, quando a responsabilidade de retenção do imposto for atribuída ao remetente ou alienante da mercadoria, pelo serviço de transporte realizado por transportador autônomo ou por transportador não-inscrito na Unidade da Federação onde se tenha iniciado o serviço.
1.932;Entrada;Dentro do Estado;Transporte;Aquisição de serviço de transporte iniciado em Unidade da Federação diversa daquela onde esteja inscrito o prestador
1.933;Entrada;Dentro do Estado;Outras;Aquisição de serviço tributado pelo Imposto sobre Serviços de Qualquer Natureza (Ajuste SINIEF 06/2005) (NR)
1.934;Entrada;Dentro do Estado;Outras;Entrada simbólica de mercadoria recebida para depósito fechado ou armazém geral AJUSTE SINIEF 14, DE 11 DE DEZEMBRO DE 2009( efeitos a partir de 1º de julho de 2010) - DECRETO 36.465/2011
1.949;Entrada;Dentro do Estado;Outras;Outra entrada de mercadoria ou prestação de serviço não especificada
2.101;Entrada;De Outros Estados;Compras;Compra para industrialização ou produção rural (NR Ajuste SINIEF 05/2005) (Decreto 28.868/2006)
2.102;Entrada;De Outros Estados;Compras;Compra para comercialização
2.111;Entrada;De Outros Estados;Compras;Compra para industrialização de mercadoria recebida anteriormente em consignação industrial
2.113;Entrada;De Outros Estados;Compras;Compra para comercialização, de mercadoria recebida anteriormente em consignação mercantil
2.116;Entrada;De Outros Estados;Compras;Compra para industrialização ou produção rural originada de encomenda para recebimento futuro (NR Ajuste SINIEF 05/2005) (Decreto 28.868/2006)
2.117;Entrada;De Outros Estados;Compras;Compra para comercialização originada de encomenda para recebimento futuro
2.118;Entrada;De Outros Estados;Compras;Compra de mercadoria para comercialização pelo adquirente originário, entregue pelo vendedor remetente ao destinatário, em venda à ordem
2.120;Entrada;De Outros Estados;Compras;Compra para industrialização, em venda à ordem, já recebida do vendedor remetente
2.121;Entrada;De Outros Estados;Compras;Compra para comercialização, em venda à ordem, já recebida do vendedor remetente
2.122;Entrada;De Outros Estados;Compras;Compra para industrialização em que a mercadoria foi remetida pelo fornecedor ao industrializador sem transitar pelo estabelecimento adquirente
2.124;Entrada;De Outros Estados;Compras;Industrialização efetuada por outra empresa
2.125;Entrada;De Outros Estados;Compras;Industrialização efetuada por outra empresa quando a mercadoria remetida para utilização no processo de industrialização não transitou pelo estabelecimento adquirente da mercadoria
2.126;Entrada;De Outros Estados;Compras;Compra para utilização na prestação de serviço sujeita ao ICMS (AJUSTE SINIEF 4, DE 9 DE JULHO DE 2010) - DECRETO 36.465/2011
2.128;Entrada;De Outros Estados;Compras;Compra para utilização na prestação de serviço sujeita ao ISSQN(AJUSTE SINIEF 4, DE 9 DE JULHO DE 2010) efeitos a partir de 1º de janeiro de 2011- DECRETO 36.465/2011
2.150;Entrada;De Outros Estados;Transferências;TRANSFERÊNCIAS PARA INDUSTRIALIZAÇÃO, PRODUÇÃO RURAL, COMERCIALIZAÇÃO OU PRESTAÇÃO DE SERVIÇOS (NR Ajuste SINIEF 05/2005) (Decreto 28.868/2006)
2.151;Entrada;De Outros Estados;Transferências;Transferência para industrialização ou produção rural (NR Ajuste SINIEF 05/2005) (Decreto 28.868/2006)
2.152;Entrada;De Outros Estados;Transferências;Transferência para comercialização
2.153;Entrada;De Outros Estados;Energia Elétrica;Transferência de energia elétrica para distribuição
2.154;Entrada;De Outros Estados;Transferências;Transferência para utilização na prestação de serviço
2.201;Entrada;De Outros Estados;Devolução;Devolução de venda de produção do estabelecimento
2.202;Entrada;De Outros Estados;Devolução;Devolução de venda de mercadoria adquirida ou recebida de terceiros
2.203;Entrada;De Outros Estados;Devolução;Devolução de venda de produção do estabelecimento destinada à Zona Franca de Manaus ou Áreas de Livre Comércio
2.204;Entrada;De Outros Estados;Devolução;Devolução de venda de mercadoria adquirida ou recebida de terceiros, destinada à Zona Franca de Manaus ou Áreas de Livre Comércio
2.205;Entrada;De Outros Estados;Comunicação;Anulação de valor relativo à prestação de serviço de comunicação
2.206;Entrada;De Outros Estados;Transporte;Anulação de valor relativo à prestação de serviço de transporte
2.207;Entrada;De Outros Estados;Energia Elétrica;Anulação de valor relativo à venda de energia elétrica
2.208;Entrada;De Outros Estados;Transferências;Devolução de produção do estabelecimento, remetida em transferência.
2.209;Entrada;De Outros Estados;Transferências;Devolução de mercadoria adquirida ou recebida de terceiros e remetida em transferência
2.250;Entrada;De Outros Estados;Energia Elétrica;COMPRAS DE ENERGIA ELÉTRICA
2.251;Entrada;De Outros Estados;Energia Elétrica;Compra de energia elétrica para distribuição ou comercialização
2.252;Entrada;De Outros Estados;Energia Elétrica;Compra de energia elétrica por estabelecimento industrial
2.253;Entrada;De Outros Estados;Energia Elétrica;Compra de energia elétrica por estabelecimento comercial
2.254;Entrada;De Outros Estados;Energia Elétrica;Compra de energia elétrica por estabelecimento prestador de serviço de transporte
2.255;Entrada;De Outros Estados;Energia Elétrica;Compra de energia elétrica por estabelecimento prestador de serviço de comunicação
2.256;Entrada;De Outros Estados;Energia Elétrica;Compra de energia elétrica por estabelecimento de produtor rural
2.257;Entrada;De Outros Estados;Energia Elétrica;Compra de energia elétrica para consumo por demanda contratada
2.301;Entrada;De Outros Estados;Comunicação;Aquisição de serviço de comunicação para execução de serviço da mesma natureza
2.302;Entrada;De Outros Estados;Comunicação;Aquisição de serviço de comunicação por estabelecimento industrial
2.303;Entrada;De Outros Estados;Comunicação;Aquisição de serviço de comunicação por estabelecimento comercial
2.304;Entrada;De Outros Estados;Comunicação;Aquisição de serviço de comunicação por estabelecimento de prestador de serviço de transporte
2.305;Entrada;De Outros Estados;Energia Elétrica;Aquisição de serviço de comunicação por estabelecimento de geradora ou de distribuidora de energia elétrica
2.306;Entrada;De Outros Estados;Comunicação;Aquisição de serviço de comunicação por estabelecimento de produtor rural
2.350;Entrada;De Outros Estados;Transporte;AQUISIÇÕES DE SERVIÇOS DE TRANSPORTE
2.351;Entrada;De Outros Estados;Transporte;Aquisição de serviço de transporte para execução de serviço da mesma natureza
2.352;Entrada;De Outros Estados;Transporte;Aquisição de serviço de transporte por estabelecimento industrial
2.353;Entrada;De Outros Estados;Transporte;Aquisição de serviço de transporte por estabelecimento comercial
2.354;Entrada;De Outros Estados;Comunicação;Aquisição de serviço de transporte por estabelecimento de prestador de serviço de comunicação
2.355;Entrada;De Outros Estados;Energia Elétrica;Aquisição de serviço de transporte por estabelecimento de geradora ou de distribuidora de energia elétrica
2.356;Entrada;De Outros Estados;Transporte;Aquisição de serviço de transporte por estabelecimento de produtor rural
2.401;Entrada;De Outros Estados;Compras;Compra para industrialização ou produção rural de mercadoria sujeita ao regime de substituição tributária (NR Ajuste SINIEF 05/2005) (Decreto 28.868/2006)
2.403;Entrada;De Outros Estados;Compras;Compra para comercialização em operação com mercadoria sujeita ao regime de substituição tributária
2.406;Entrada;De Outros Estados;Ativo Permanente;Compra de bem para o ativo imobilizado cuja mercadoria está sujeita ao regime de substituição tributária
2.407;Entrada;De Outros Estados;Uso ou Consumo;Compra de mercadoria para uso ou consumo cuja mercadoria está sujeita ao regime de substituição tributária
2.408;Entrada;De Outros Estados;Transferências;Transferência para industrialização ou produção rural de mercadoria sujeita ao regime de substituição tributária (NR Ajuste SINIEF 05/2005) (Decreto 28.868/2006)
2.409;Entrada;De Outros Estados;Transferências;Transferência para comercialização em operação com mercadoria sujeita ao regime de substituição tributária
2.410;Entrada;De Outros Estados;Devolução;Devolução de venda de produção do estabelecimento, quando o produto estiver sujeito ao regime de substituição tributária
2.411;Entrada;De Outros Estados;Devolução;Devolução de venda de mercadoria adquirida ou recebida de terceiros em operação com mercadoria sujeita ao regime de substituição tributária
2.414;Entrada;De Outros Estados;Outras;Retorno de produção do estabelecimento, remetida para venda fora do estabelecimento, quando o produto estiver sujeito ao regime de substituição tributária
2.415;Entrada;De Outros Estados;Outras;Retorno de mercadoria adquirida ou recebida de terceiros, remetida para venda fora do estabelecimento em operação com mercadoria sujeita ao regime de substituição tributária
2.501;Entrada;De Outros Estados;Outras;Entrada de mercadoria recebida com fim específico de exportação
2.503;Entrada;De Outros Estados;Devolução;Entrada decorrente de devolução de produto industrializado pelo estabelecimento, remetido com fim específico de exportação
2.504;Entrada;De Outros Estados;Devolução;Entrada decorrente de devolução de mercadoria remetida com fim específico de exportação, adquirida ou recebida de terceiros
2.505;Entrada;De Outros Estados;Devolução;Entrada decorrente de devolução simbólica de mercadoria remetida para formação de lote de exportação, de produto industrializado ou produzido pelo próprio estabelecimento.
2.506;Entrada;De Outros Estados;Devolução;Entrada decorrente de devolução simbólica de mercadoria, adquirida ou recebida de terceiros, remetida para formação de lote de exportação.
2.550;Entrada;De Outros Estados;Outras;OPERAÇÕES COM BENS DE ATIVO IMOBILIZADO E MATERIAIS PARA USO OU CONSUMO
2.551;Entrada;De Outros Estados;Ativo Permanente;Compra de bem para o ativo imobilizado
2.552;Entrada;De Outros Estados;Transferências;Transferência de bem do ativo imobilizado
2.553;Entrada;De Outros Estados;Devolução;Devolução de venda de bem do ativo imobilizado
2.554;Entrada;De Outros Estados;Outras;Retorno de bem do ativo imobilizado remetido para uso fora do estabelecimento
2.555;Entrada;De Outros Estados;Outras;Entrada de bem do ativo imobilizado de terceiro, remetido para uso no estabelecimento
2.556;Entrada;De Outros Estados;Uso ou Consumo;Compra de material para uso ou consumo
2.557;Entrada;De Outros Estados;Transferências;Transferência de material para uso ou consumo
2.603;Entrada;De Outros Estados;Outras;Ressarcimento de ICMS retido por substituição tributária
2.650;Entrada;De Outros Estados;Outras;ENTRADAS DE COMBUSTÍVEIS, DERIVADOS OU NÃO DE PETRÓLEO, E LUBRIFICANTES (ACR Ajuste SINIEF 9/2003)
2.651;Entrada;De Outros Estados;Compras;Compra de combustível ou lubrificante para industrialização subseqüente
2.652;Entrada;De Outros Estados;Compras;Compra de combustível ou lubrificante para comercialização
2.653;Entrada;De Outros Estados;Uso ou Consumo;Compra de combustível ou lubrificante por consumidor ou usuário final
2.658;Entrada;De Outros Estados;Transferências;Transferência de combustível ou lubrificante para industrialização
2.659;Entrada;De Outros Estados;Transferências;Transferência de combustível ou lubrificante para comercialização
2.660;Entrada;De Outros Estados;Devolução;Devolução de venda de combustível ou lubrificante destinados à industrialização subseqüente
2.661;Entrada;De Outros Estados;Devolução;Devolução de venda de combustível ou lubrificante destinados à comercialização
2.662;Entrada;De Outros Estados;Devolução;Devolução de venda de combustível ou lubrificante destinados a consumidor ou usuário final
2.663;Entrada;De Outros Estados;Outras;Entrada de combustível ou lubrificante para armazenagem
2.664;Entrada;De Outros Estados;Outras;Retorno de combustível ou lubrificante remetidos para armazenagem
2.901;Entrada;De Outros Estados;Outras;Entrada para industrialização por encomenda
2.902;Entrada;De Outros Estados;Outras;Retorno de mercadoria remetida para industrialização por encomenda
2.903;Entrada;De Outros Estados;Outras;Entrada de mercadoria remetida para industrialização e não aplicada no referido processo
2.904;Entrada;De Outros Estados;Outras;Retorno de remessa para venda fora do estabelecimento
2.905;Entrada;De Outros Estados;Outras;Entrada de mercadoria recebida para depósito em depósito fechado ou armazém geral
2.906;Entrada;De Outros Estados;Outras;Retorno de mercadoria remetida para depósito fechado ou armazém geral
2.907;Entrada;De Outros Estados;Outras;Retorno simbólico de mercadoria remetida para depósito fechado ou armazém geral
2.908;Entrada;De Outros Estados;Outras;Entrada de bem por conta de contrato de comodato
2.909;Entrada;De Outros Estados;Outras;Retorno de bem remetido por conta de contrato de comodato
2.910;Entrada;De Outros Estados;Outras;Entrada de bonificação, doação ou brinde
2.911;Entrada;De Outros Estados;Outras;Entrada de amostra grátis
2.912;Entrada;De Outros Estados;Outras;Entrada de mercadoria ou bem recebido para demonstração
2.913;Entrada;De Outros Estados;Outras;Retorno de mercadoria ou bem remetido para demonstração
2.914;Entrada;De Outros Estados;Outras;Retorno de mercadoria ou bem remetido para exposição ou feira
2.915;Entrada;De Outros Estados;Outras;Entrada de mercadoria ou bem recebido para conserto ou reparo
2.916;Entrada;De Outros Estados;Outras;Retorno de mercadoria ou bem remetido para conserto ou reparo
2.917;Entrada;De Outros Estados;Outras;Entrada de mercadoria recebida em consignação mercantil ou industrial
2.918;Entrada;De Outros Estados;Devolução;Devolução de mercadoria remetida em consignação mercantil ou industrial
2.919;Entrada;De Outros Estados;Devolução;Devolução simbólica de mercadoria vendida ou utilizada em processo industrial, remetida anteriormente em consignação mercantil ou industrial
2.920;Entrada;De Outros Estados;Outras;Entrada de vasilhame ou sacaria
2.921;Entrada;De Outros Estados;Outras;Retorno de vasilhame ou sacaria
2.922;Entrada;De Outros Estados;Outras;Lançamento efetuado a título de simples faturamento decorrente de compra para recebimento futuro
2.923;Entrada;De Outros Estados;Outras;Entrada de mercadoria recebida do vendedor remetente, em venda à ordem
2.924;Entrada;De Outros Estados;Outras;Entrada para industrialização por conta e ordem do adquirente da mercadoria, quando esta não transitar pelo estabelecimento do adquirente
2.925;Entrada;De Outros Estados;Outras;Retorno de mercadoria remetida para industrialização por conta e ordem do adquirente da mercadoria, quando esta não transitar pelo estabelecimento do adquirente
2.931;Entrada;De Outros Estados;Transporte;"Lançamento efetuado pelo tomador do serviço de transporte, quando a responsabilidade de retenção do imposto for atribuída ao remetente ou alienante da mercadoria, pelo serviço de transporte realizado por transportador autônomo ou por transportador não-inscrito na Unidade da Federação onde se tenha iniciado o serviço&nbsp;"
2.932;Entrada;De Outros Estados;Transporte;Aquisição de serviço de transporte iniciado em Unidade da Federação diversa daquela onde esteja inscrito o prestador
2.933;Entrada;De Outros Estados;Outras;Aquisição de serviço tributado pelo Imposto Sobre Serviços de Qualquer Natureza
2.934;Entrada;De Outros Estados;Outras;Entrada simbólica de mercadoria recebida para depósito fechado ou armazém geral (AJUSTE SINIEF 14, DE 11 DE DEZEMBRO DE 2009) efeitos a partir de 1º de julho de 2010- DECRETO 36.465/2011
2.949;Entrada;De Outros Estados;Outras;Outra entrada de mercadoria ou prestação de serviço não especificado
3.101;Entrada;Do Exterior;Compras;Compra para industrialização ou produção rural (NR Ajuste SINIEF 05/2005) (Decreto 28.868/2006)
3.102;Entrada;Do Exterior;Compras;Compra para comercialização
3.126;Entrada;Do Exterior;Compras;Compra para utilização na prestação de serviço sujeita ao ICMS (AJUSTE SINIEF 4, DE 9 DE JULHO DE 2010) efeitos a partir de 1º de janeiro de 2011- DECRETO 36.465/2011
3.127;Entrada;Do Exterior;Compras;Compra para industrialização sob o regime de drawback
3.128;Entrada;Do Exterior;Compras;Compra para utilização na prestação de serviço sujeita ao ISSQN(AJUSTE SINIEF 4, DE 9 DE JULHO DE 2010) efeitos a partir de 1º de janeiro de 2011- DECRETO 36.465/2011
3.201;Entrada;Do Exterior;Devolução;Devolução de venda de produção do estabelecimento
3.202;Entrada;Do Exterior;Devolução;Devolução de venda de mercadoria adquirida ou recebida de terceiros
3.205;Entrada;Do Exterior;Comunicação;Anulação de valor relativo à prestação de serviço de comunicação
3.206;Entrada;Do Exterior;Transporte;Anulação de valor relativo à prestação de serviço de transporte
3.207;Entrada;Do Exterior;Energia Elétrica;Anulação de valor relativo à venda de energia elétrica
3.211;Entrada;Do Exterior;Devolução;Devolução de venda de produção do estabelecimento sob o regime de drawback
3.250;Entrada;Do Exterior;Energia Elétrica;COMPRAS DE ENERGIA ELÉTRICA
3.251;Entrada;Do Exterior;Energia Elétrica;Compra de energia elétrica para distribuição ou comercialização
3.250;Entrada;Do Exterior;Energia Elétrica;COMPRAS DE ENERGIA ELÉTRICA
3.301;Entrada;Do Exterior;Comunicação;Aquisição de serviço de comunicação para execução de serviço da mesma natureza
3.350;Entrada;Do Exterior;Transporte;AQUISIÇÕES DE SERVIÇOS DE TRANSPORTE
3.351;Entrada;Do Exterior;Transporte;Aquisição de serviço de transporte para execução de serviço da mesma natureza
3.352;Entrada;Do Exterior;Transporte;Aquisição de serviço de transporte por estabelecimento industrial
3.353;Entrada;Do Exterior;Transporte;Aquisição de serviço de transporte por estabelecimento comercial
3.354;Entrada;Do Exterior;Comunicação;Aquisição de serviço de transporte por estabelecimento de prestador de serviço de comunicação
3.355;Entrada;Do Exterior;Energia Elétrica;Aquisição de serviço de transporte por estabelecimento de geradora ou de distribuidora de energia elétrica
3.356;Entrada;Do Exterior;Transporte;Aquisição de serviço de transporte por estabelecimento de produtor rural
3.503;Entrada;Do Exterior;Devolução;Devolução de mercadoria exportada que tenha sido recebida com fim específico de exportação
3.550;Entrada;Do Exterior;Outras;OPERAÇÕES COM BENS DE ATIVO IMOBILIZADO E MATERIAIS PARA USO OU CONSUMO
3.551;Entrada;Do Exterior;Ativo Permanente;Compra de bem para o ativo imobilizado
3.553;Entrada;Do Exterior;Devolução;Devolução de venda de bem do ativo imobilizado
3.556;Entrada;Do Exterior;Uso ou Consumo;Compra de material para uso ou consumo
3.650;Entrada;Do Exterior;Outras;ENTRADAS DE COMBUSTÍVEIS, DERIVADOS OU NÃO DE PETRÓLEO, E LUBRIFICANTES
3.651;Entrada;Do Exterior;Outras;Compra de combustível ou lubrificante para industrialização subseqüente
3.652;Entrada;Do Exterior;Outras;Compra de combustível ou lubrificante para comercialização
3.653;Entrada;Do Exterior;Outras;Compra de combustível ou lubrificante por consumidor ou usuário final
3.930;Entrada;Do Exterior;Outras;Lançamento efetuado a título de entrada de bem sob amparo de regime especial aduaneiro de admissão temporária
3.949;Entrada;Do Exterior;Outras;Outra entrada de mercadoria ou prestação de serviço não especificado
5.101;Saída;Para o Estado;Vendas;Venda de produção do estabelecimento
5.102;Saída;Para o Estado;Vendas;Venda de mercadoria adquirida ou recebida de terceiros
5.103;Saída;Para o Estado;Vendas;Venda de produção do estabelecimento efetuada fora do estabelecimento
5.104;Saída;Para o Estado;Vendas;Venda de mercadoria adquirida ou recebida de terceiros, efetuada fora do estabelecimento
5.105;Saída;Para o Estado;Vendas;Venda de produção do estabelecimento que não deva por ele transitar
5.106;Saída;Para o Estado;Vendas;Venda de mercadoria adquirida ou recebida de terceiros, que não deva por ele transitar
5.109;Saída;Para o Estado;Vendas;Venda de produção do estabelecimento destinada à Zona Franca de Manaus ou Áreas de Livre Comércio
5.110;Saída;Para o Estado;Vendas;Venda de mercadoria, adquirida ou recebida de terceiros, destinada à Zona Franca de Manaus ou Áreas de Livre Comercio, de que trata o Anexo do Convênio SINIEF s/n, de 15 de dezembro de 1970, que dispõe sobre o Sistema Nacional Integrado de Informações Econômico-Fiscais
5.111;Saída;Para o Estado;Vendas;Venda de produção do estabelecimento remetida anteriormente em consignação industrial
5.112;Saída;Para o Estado;Vendas;Venda de mercadoria adquirida ou recebida de terceiros remetida anteriormente em consignação industrial
5.113;Saída;Para o Estado;Vendas;Venda de produção do estabelecimento remetida anteriormente em consignação mercantil
5.114;Saída;Para o Estado;Vendas;Venda de mercadoria adquirida ou recebida de terceiros remetida anteriormente em consignação mercantil
5.115;Saída;Para o Estado;Vendas;Venda de mercadoria adquirida ou recebida de terceiros, recebida anteriormente em consignação mercantil
5.116;Saída;Para o Estado;Vendas;Venda de produção do estabelecimento originada de encomenda para entrega futura
5.117;Saída;Para o Estado;Vendas;Venda de mercadoria adquirida ou recebida de terceiros, originada de encomenda para entrega futura
5.118;Saída;Para o Estado;Vendas;Venda de produção do estabelecimento entregue ao destinatário por conta e ordem do adquirente originário, em venda à ordem
5.119;Saída;Para o Estado;Vendas;Venda de mercadoria adquirida ou recebida de terceiros entregue ao destinatário por conta e ordem do adquirente originário, em venda à ordem
5.120;Saída;Para o Estado;Vendas;Venda de mercadoria adquirida ou recebida de terceiros entregue ao destinatário pelo vendedor remetente, em venda à ordem
5.122;Saída;Para o Estado;Vendas;Venda de produção do estabelecimento remetida para industrialização, por conta e ordem do adquirente, sem transitar pelo estabelecimento do adquirente
5.123;Saída;Para o Estado;Vendas;Venda de mercadoria adquirida ou recebida de terceiros remetida para industrialização, por conta e ordem do adquirente, sem transitar pelo estabelecimento do adquirente
5.124;Saída;Para o Estado;Vendas;Industrialização efetuada para outra empresa
5.125;Saída;Para o Estado;Vendas;Industrialização efetuada para outra empresa quando a mercadoria recebida para utilização no processo de industrialização não transitar pelo estabelecimento adquirente da mercadoria
5.150;Saída;Para o Estado;Transferências;TRANSFERÊNCIAS DE PRODUÇÃO PRÓPRIA OU DE TERCEIROS
5.151;Saída;Para o Estado;Transferências;Transferência de produção do estabelecimento
5.152;Saída;Para o Estado;Transferências;Transferência de mercadoria adquirida ou recebida de terceiros
5.153;Saída;Para o Estado;Energia Elétrica;Transferência de energia elétrica
5.155;Saída;Para o Estado;Transferências;Transferência de produção do estabelecimento, que não deva por ele transitar
5.156;Saída;Para o Estado;Transferências;Transferência de mercadoria adquirida ou recebida de terceiros, que não deva por ele transitar
5.201;Saída;Para o Estado;Devolução;Devolução de compra para industrialização ou produção rural (NR Ajuste SINIEF 05/2005) (Decreto 28.868/2006)
5.202;Saída;Para o Estado;Devolução;Devolução de compra para comercialização
5.205;Saída;Para o Estado;Comunicação;Anulação de valor relativo a aquisição de serviço de comunicação
5.206;Saída;Para o Estado;Transporte;Anulação de valor relativo a aquisição de serviço de transporte
5.207;Saída;Para o Estado;Energia Elétrica;Anulação de valor relativo à compra de energia elétrica
5.208;Saída;Para o Estado;Transferências;Devolução de mercadoria recebida em transferência para industrialização ou produção rural
5.209;Saída;Para o Estado;Transferências;Devolução de mercadoria recebida em transferência para comercialização
5.210;Saída;Para o Estado;Devolução;Devolução de compra para utilização na prestação de serviço
5.250;Saída;Para o Estado;Energia Elétrica;VENDAS DE ENERGIA ELÉTRICA
5.251;Saída;Para o Estado;Energia Elétrica;Venda de energia elétrica para distribuição ou comercialização
5.252;Saída;Para o Estado;Energia Elétrica;Venda de energia elétrica para estabelecimento industrial
5.253;Saída;Para o Estado;Energia Elétrica;Venda de energia elétrica para estabelecimento comercial
5.254;Saída;Para o Estado;Energia Elétrica;Venda de energia elétrica para estabelecimento prestador de serviço de transporte
5.255;Saída;Para o Estado;Energia Elétrica;Venda de energia elétrica para estabelecimento prestador de serviço de comunicação
5.256;Saída;Para o Estado;Energia Elétrica;Venda de energia elétrica para estabelecimento de produtor rural
5.257;Saída;Para o Estado;Energia Elétrica;Venda de energia elétrica para consumo por demanda contratada
5.258;Saída;Para o Estado;Energia Elétrica;Venda de energia elétrica a não contribuinte
5.301;Saída;Para o Estado;Comunicação;Prestação de serviço de comunicação para execução de serviço da mesma natureza
5.302;Saída;Para o Estado;Comunicação;Prestação de serviço de comunicação a estabelecimento industrial
5.303;Saída;Para o Estado;Comunicação;Prestação de serviço de comunicação a estabelecimento comercial
5.304;Saída;Para o Estado;Comunicação;Prestação de serviço de comunicação a estabelecimento de prestador de serviço de transporte
5.305;Saída;Para o Estado;Energia Elétrica;Prestação de serviço de comunicação a estabelecimento de geradora ou de distribuidora de energia elétrica
5.306;Saída;Para o Estado;Comunicação;Prestação de serviço de comunicação a estabelecimento de produtor rural
5.307;Saída;Para o Estado;Comunicação;Prestação de serviço de comunicação a não contribuinte
5.350;Saída;Para o Estado;Transporte;PRESTAÇÕES DE SERVIÇOS DE TRANSPORTE
5.351;Saída;Para o Estado;Transporte;Prestação de serviço de transporte para execução de serviço da mesma natureza
5.352;Saída;Para o Estado;Transporte;Prestação de serviço de transporte a estabelecimento industrial
5.353;Saída;Para o Estado;Transporte;Prestação de serviço de transporte a estabelecimento comercial
5.354;Saída;Para o Estado;Comunicação;Prestação de serviço de transporte a estabelecimento de prestador de serviço de comunicação
5.355;Saída;Para o Estado;Energia Elétrica;Prestação de serviço de transporte a estabelecimento de geradora ou de distribuidora de energia elétrica
5.356;Saída;Para o Estado;Transporte;Prestação de serviço de transporte a estabelecimento de produtor rural
5.357;Saída;Para o Estado;Transporte;Prestação de serviço de transporte a não contribuinte
5.359;Saída;Para o Estado;Transporte;"Prestação de serviço de transporte a contribuinte ou a não-contribuinte, quando a mercadoria transportada esteja dispensada de emissão de Nota Fiscal&nbsp;"
5.360;Saída;Para o Estado;Transporte;Prestação de serviço de transporte a contribuinte-substituto em relação ao serviço de transporte (ACR) (Ajuste SINIEF 06/2007- Decreto nº 30.861/2007) – a partir de 01.01.2008
5.401;Saída;Para o Estado;Vendas;Venda de produção do estabelecimento quando o produto esteja sujeito ao regime de substituição tributária
5.402;Saída;Para o Estado;Vendas;Venda de produção do estabelecimento de produto sujeito ao regime de substituição tributária, em operação entre contribuintes substitutos do mesmo produto
5.403;Saída;Para o Estado;Vendas;Venda de mercadoria, adquirida ou recebida de terceiros, sujeita ao regime de substituição tributária, na condição de contribuinte-substituto
5.405;Saída;Para o Estado;Vendas;Venda de mercadoria, adquirida ou recebida de terceiros, sujeita ao regime de substituição tributária, na condição de contribuinte-substituído
5.408;Saída;Para o Estado;Transferências;Transferência de produção do estabelecimento quando o produto estiver sujeito ao regime de substituição tributária
5.409;Saída;Para o Estado;Transferências;Transferência de mercadoria adquirida ou recebida de terceiros em operação com mercadoria sujeita ao regime de substituição tributária
5.410;Saída;Para o Estado;Devolução;Devolução de compra para industrialização de mercadoria sujeita ao regime de substituição tributária
5.411;Saída;Para o Estado;Devolução;Devolução de compra para comercialização em operação com mercadoria sujeita ao regime de substituição tributária
5.412;Saída;Para o Estado;Devolução;Devolução de bem do ativo imobilizado, em operação com mercadoria sujeita ao regime de substituição tributária
5.413;Saída;Para o Estado;Devolução;Devolução de mercadoria destinada ao uso ou consumo, em operação com mercadoria sujeita ao regime de substituição tributária.
5.414;Saída;Para o Estado;Outras;Remessa de produção do estabelecimento para venda fora do estabelecimento, quando o produto estiver sujeito ao regime de substituição tributária
5.415;Saída;Para o Estado;Outras;Remessa de mercadoria adquirida ou recebida de terceiros para venda fora do estabelecimento, em operação com mercadoria sujeita ao regime de substituição tributária
5.450;Saída;Para o Estado;Outras;SISTEMAS DE INTEGRAÇÃO
5.451;Saída;Para o Estado;Outras;Remessa de animal e de insumo para estabelecimento produtor
5.501;Saída;Para o Estado;Outras;Remessa de produção do estabelecimento, com fim específico de exportação
5.502;Saída;Para o Estado;Outras;Remessa de mercadoria adquirida ou recebida de terceiros, com fim específico de exportação
5.503;Saída;Para o Estado;Devolução;Devolução de mercadoria recebida com fim específico de exportação
5.504;Saída;Para o Estado;Outras;Remessa de mercadoria para formação de lote de exportação, de produto industrializado ou produzido pelo próprio estabelecimento.
5.505;Saída;Para o Estado;Outras;Remessa de mercadoria, adquirida ou recebida de terceiros, para formação de lote de exportação.
5.550;Saída;Para o Estado;Outras;OPERAÇÕES COM BENS DE ATIVO IMOBILIZADO E MATERIAIS PARA USO OU CONSUMO
5.551;Saída;Para o Estado;Ativo Permanente;Venda de bem do ativo imobilizado
5.552;Saída;Para o Estado;Transferências;Transferência de bem do ativo imobilizado
5.553;Saída;Para o Estado;Devolução;Devolução de compra de bem para o ativo imobilizado
5.554;Saída;Para o Estado;Outras;Remessa de bem do ativo imobilizado para uso fora do estabelecimento
5.555;Saída;Para o Estado;Devolução;Devolução de bem do ativo imobilizado de terceiro, recebido para uso no estabelecimento
5.556;Saída;Para o Estado;Devolução;Devolução de compra de material de uso ou consumo
5.557;Saída;Para o Estado;Transferências;Transferência de material de uso ou consumo
5.601;Saída;Para o Estado;Transferências;Transferência de crédito de ICMS acumulado
5.602;Saída;Para o Estado;Transferências;Transferência de saldo credor do ICMS, para outro estabelecimento da mesma empresa, destinado à compensação de saldo devedor do ICMS
5.603;Saída;Para o Estado;Outras;Ressarcimento de ICMS retido por substituição tributária
5.605;Saída;Para o Estado;Transferências;"Transferência de saldo devedor do ICMS de outro estabelecimento da mesma empresa&nbsp;"
5.606;Saída;Para o Estado;Outras;Utilização de saldo credor do ICMS para extinção por compensação de débitos fiscais
5.650;Saída;Para o Estado;Outras;SAÍDAS DE COMBUSTÍVEIS, DERIVADOS OU NÃO DE PETRÓLEO, E LUBRIFICANTES
5.651;Saída;Para o Estado;Vendas;Venda de combustível ou lubrificante de produção do estabelecimento destinados à industrialização subseqüente
5.652;Saída;Para o Estado;Vendas;Venda de combustível ou lubrificante, de produção do estabelecimento, destinados à comercialização
5.653;Saída;Para o Estado;Vendas;Venda de combustível ou lubrificante, de produção do estabelecimento, destinados a consumidor ou usuário final
5.654;Saída;Para o Estado;Vendas;Venda de combustível ou lubrificante, adquiridos ou recebidos de terceiros, destinados à industrialização subseqüente
5.655;Saída;Para o Estado;Vendas;Venda de combustível ou lubrificante, adquiridos ou recebidos de terceiros, destinados à comercialização
5.656;Saída;Para o Estado;Vendas;Venda de combustível ou lubrificante, adquiridos ou recebidos de terceiros, destinados a consumidor ou usuário final
5.657;Saída;Para o Estado;Vendas;Remessa de combustível ou lubrificante, adquiridos ou recebidos de terceiros, para venda fora do estabelecimento
5.658;Saída;Para o Estado;Transferências;Transferência de combustível ou lubrificante de produção do estabelecimento
5.660;Saída;Para o Estado;Devolução;Devolução de compra de combustível ou lubrificante adquiridos para industrialização subseqüente
5.661;Saída;Para o Estado;Devolução;Devolução de compra de combustível ou lubrificante adquiridos para comercialização
5.662;Saída;Para o Estado;Devolução;Devolução de compra de combustível ou lubrificante adquiridos por consumidor ou usuário final
5.663;Saída;Para o Estado;Outras;Remessa para armazenagem de combustível ou lubrificante
5.664;Saída;Para o Estado;Outras;Retorno de combustível ou lubrificante recebidos para armazenagem
5.665;Saída;Para o Estado;Outras;Retorno simbólico de combustível ou lubrificante recebidos para armazenagem
5.666;Saída;Para o Estado;Outras;Remessa, por conta e ordem de terceiros, de combustível ou lubrificante recebidos para armazenagem
5.667;Saída;Para o Estado;Vendas;Venda de combustível ou lubrificante a consumidor ou usuário final estabelecido em outra Unidade da Federação
5.901;Saída;Para o Estado;Outras;Remessa para industrialização por encomenda
5.902;Saída;Para o Estado;Outras;Retorno de mercadoria utilizada na industrialização por encomenda
5.903;Saída;Para o Estado;Outras;Retorno de mercadoria recebida para industrialização e não aplicada no referido processo
5.904;Saída;Para o Estado;Outras;Remessa para venda fora do estabelecimento
5.905;Saída;Para o Estado;Outras;Remessa para depósito fechado ou armazém geral
5.906;Saída;Para o Estado;Outras;Retorno de mercadoria depositada em depósito fechado ou armazém geral
5.907;Saída;Para o Estado;Outras;Retorno simbólico de mercadoria depositada em depósito fechado ou armazém geral
5.908;Saída;Para o Estado;Outras;Remessa de bem por conta de contrato de comodato
5.909;Saída;Para o Estado;Outras;Retorno de bem recebido por conta de contrato de comodato
5.910;Saída;Para o Estado;Outras;Remessa em bonificação, doação ou brinde
5.911;Saída;Para o Estado;Outras;Remessa de amostra grátis
5.912;Saída;Para o Estado;Outras;Remessa de mercadoria ou bem para demonstração
5.913;Saída;Para o Estado;Outras;Retorno de mercadoria ou bem recebido para demonstração
5.914;Saída;Para o Estado;Outras;Remessa de mercadoria ou bem para exposição ou feira
5.915;Saída;Para o Estado;Outras;Remessa de mercadoria ou bem para conserto ou reparo
5.916;Saída;Para o Estado;Outras;Retorno de mercadoria ou bem recebido para conserto ou reparo
5.917;Saída;Para o Estado;Outras;Remessa de mercadoria em consignação mercantil ou industrial
5.918;Saída;Para o Estado;Devolução;Devolução de mercadoria recebida em consignação mercantil ou industrial
5.919;Saída;Para o Estado;Devolução;Devolução simbólica de mercadoria vendida ou utilizada em processo industrial, recebida anteriormente em consignação mercantil ou industrial
5.920;Saída;Para o Estado;Outras;Remessa de vasilhame ou sacaria
5.921;Saída;Para o Estado;Devolução;Devolução de vasilhame ou sacaria
5.922;Saída;Para o Estado;Outras;Lançamento efetuado a título de simples faturamento decorrente de venda para entrega futura
5.923;Saída;Para o Estado;Outras;"Remessa de mercadoria por conta e ordem de terceiros, em venda à ordem ou em operações com armazém geral ou depósito fechado. (NR AJUSTE SINIEF 14, DE 11 DE DEZEMBRO DE 2009)Vejamais[p2]&nbsp; efeitos a partir de 1º de julho de 2010– DECRETO 37.993/2012."
5.924;Saída;Para o Estado;Outras;Remessa para industrialização por conta e ordem do adquirente da mercadoria, quando esta não transitar pelo estabelecimento do adquirente
5.925;Saída;Para o Estado;Outras;Retorno de mercadoria recebida para industrialização por conta e ordem do adquirente da mercadoria, quando aquela não transitar pelo estabelecimento do adquirente
5.926;Saída;Para o Estado;Outras;Lançamento efetuado a título de reclassificação de mercadoria decorrente de formação de kit ou de sua desagregação
5.927;Saída;Para o Estado;Outras;Lançamento efetuado a título de baixa de estoque decorrente de perda, roubo ou deterioração
5.928;Saída;Para o Estado;Outras;Lançamento efetuado a título de baixa de estoque decorrente do encerramento da atividade da empresa
5.929;Saída;Para o Estado;Outras;Lançamento efetuado em decorrência de emissão de documento fiscal relativo a operação ou prestação também registrada em equipamento Emissor de Cupom Fiscal - ECF
5.931;Saída;Para o Estado;Transporte;Lançamento efetuado em decorrência da responsabilidade de retenção do imposto por substituição tributária, atribuída ao remetente ou alienante da mercadoria, pelo serviço de transporte realizado por transportador autônomo ou por transportador não inscrito na unidade da Federação onde iniciado o serviço
5.932;Saída;Para o Estado;Transporte;Prestação de serviço de transporte iniciada em unidade da Federação diversa daquela onde inscrito o prestador
5.933;Saída;Para o Estado;Outras;Prestação de serviço tributado pelo Imposto Sobre Serviços de Qualquer Natureza
5.934;Saída;Para o Estado;Outras;Remessa simbólica de mercadoria depositada em armazém geral ou depósito fechado. (AJUSTE SINIEF 14, DE 11 DE DEZEMBRO DE 2009) – DECRETO 36.465/2011.
5.949;Saída;Para o Estado;Outras;Outra saída de mercadoria ou prestação de serviço não especificado
6.101;Saída;Para Outros Estados;Vendas;Venda de produção do estabelecimento
6.102;Saída;Para Outros Estados;Vendas;Venda de mercadoria adquirida ou recebida de terceiros
6.103;Saída;Para Outros Estados;Vendas;Venda de produção do estabelecimento, efetuada fora do estabelecimento
6.104;Saída;Para Outros Estados;Vendas;Venda de mercadoria adquirida ou recebida de terceiros, efetuada fora do estabelecimento
6.105;Saída;Para Outros Estados;Vendas;Venda de produção do estabelecimento que não deva por ele transitar
6.106;Saída;Para Outros Estados;Vendas;Venda de mercadoria adquirida ou recebida de terceiros, que não deva por ele transitar
6.107;Saída;Para Outros Estados;Vendas;Venda de produção do estabelecimento, destinada a não contribuinte
6.108;Saída;Para Outros Estados;Vendas;Venda de mercadoria adquirida ou recebida de terceiros, destinada a não contribuinte
6.109;Saída;Para Outros Estados;Vendas;Venda de produção do estabelecimento destinada à Zona Franca de Manaus ou Áreas de Livre Comércio
6.110;Saída;Para Outros Estados;Vendas;Venda de mercadoria, adquirida ou recebida de terceiros, destinada à Zona Franca de Manaus ou Áreas de Livre Comércio, de que trata o Anexo do Convênio SINIEF s/n, de 15 de dezembro de 1970, que dispõe sobre o Sistema Nacional Integrado de Informações Econômico-Fiscais (Decreto nº 26.955/2004) RETROAGINDO SEUS EFEITOS A 24.06.2004
6.111;Saída;Para Outros Estados;Vendas;Venda de produção do estabelecimento remetida anteriormente em consignação industrial
6.112;Saída;Para Outros Estados;Vendas;Venda de mercadoria adquirida ou recebida de Terceiros remetida anteriormente em consignação industrial
6.113;Saída;Para Outros Estados;Vendas;Venda de produção do estabelecimento remetida anteriormente em consignação mercantil
6.114;Saída;Para Outros Estados;Vendas;Venda de mercadoria adquirida ou recebida de terceiros remetida anteriormente em consignação mercantil
6.115;Saída;Para Outros Estados;Vendas;Venda de mercadoria adquirida ou recebida de terceiros, recebida anteriormente em consignação mercantil
6.116;Saída;Para Outros Estados;Vendas;Venda de produção do estabelecimento originada de encomenda para entrega futura
6.117;Saída;Para Outros Estados;Vendas;Venda de mercadoria adquirida ou recebida de terceiros, originada de encomenda para entrega futura
6.118;Saída;Para Outros Estados;Vendas;Venda de produção do estabelecimento entregue ao destinatário por conta e ordem do adquirente originário, em venda à ordem
6.119;Saída;Para Outros Estados;Vendas;Venda de mercadoria adquirida ou recebida de terceiros entregue ao destinatário por conta e ordem do adquirente originário, em venda à ordem
6.120;Saída;Para Outros Estados;Vendas;Venda de mercadoria adquirida ou recebida de terceiros entregue ao destinatário pelo vendedor remetente, em venda à ordem
6.122;Saída;Para Outros Estados;Vendas;Venda de produção do estabelecimento remetida para industrialização, por conta e ordem do adquirente, sem transitar pelo estabelecimento do adquirente
6.123;Saída;Para Outros Estados;Vendas;Venda de mercadoria adquirida ou recebida de terceiros remetida para industrialização, por conta e ordem do adquirente, sem transitar pelo estabelecimento do adquirente
6.124;Saída;Para Outros Estados;Vendas;Industrialização efetuada para outra empresa
6.125;Saída;Para Outros Estados;Vendas;Industrialização efetuada para outra empresa quando a mercadoria recebida para utilização no processo de industrialização não transitar pelo estabelecimento adquirente da mercadoria
6.150;Saída;Para Outros Estados;Transferências;TRANSFERÊNCIAS DE PRODUÇÃO PRÓPRIA OU DE TERCEIROS
6.151;Saída;Para Outros Estados;Transferências;Transferência de produção do estabelecimento
6.152;Saída;Para Outros Estados;Transferências;Transferência de mercadoria adquirida ou recebida de terceiros
6.153;Saída;Para Outros Estados;Energia Elétrica;Transferência de energia elétrica
6.155;Saída;Para Outros Estados;Transferências;Transferência de produção do estabelecimento, que não deva por ele transitar
6.156;Saída;Para Outros Estados;Transferências;Transferência de mercadoria adquirida ou recebida de terceiros, que não deva por ele transitar
6.201;Saída;Para Outros Estados;Devolução;Devolução de compra para industrialização ou produção rural (NR Ajuste SINIEF 05/2005) (Decreto 28.868/2006)
6.202;Saída;Para Outros Estados;Devolução;Devolução de compra para comercialização
6.205;Saída;Para Outros Estados;Comunicação;Anulação de valor relativo a aquisição de serviço de comunicação
6.206;Saída;Para Outros Estados;Transporte;Anulação de valor relativo a aquisição de serviço de transporte
6.207;Saída;Para Outros Estados;Energia Elétrica;Anulação de valor relativo à compra de energia elétrica
6.208;Saída;Para Outros Estados;Transferências;Devolução de mercadoria recebida em transferência para industrialização ou produção rural
6.209;Saída;Para Outros Estados;Transferências;Devolução de mercadoria recebida em transferência para comercialização
6.210;Saída;Para Outros Estados;Devolução;Devolução de compra para utilização na prestação de serviço
6.250;Saída;Para Outros Estados;Energia Elétrica;VENDAS DE ENERGIA ELÉTRICA
6.251;Saída;Para Outros Estados;Energia Elétrica;Venda de energia elétrica para distribuição ou comercialização
6.252;Saída;Para Outros Estados;Energia Elétrica;Venda de energia elétrica para estabelecimento industrial
6.253;Saída;Para Outros Estados;Energia Elétrica;Venda de energia elétrica para estabelecimento comercial
6.254;Saída;Para Outros Estados;Energia Elétrica;Venda de energia elétrica para estabelecimento prestador de serviço de transporte
6.255;Saída;Para Outros Estados;Energia Elétrica;Venda de energia elétrica para estabelecimento prestador de serviço de comunicação
6.256;Saída;Para Outros Estados;Energia Elétrica;Venda de energia elétrica para estabelecimento de produtor rural
6.257;Saída;Para Outros Estados;Energia Elétrica;Venda de energia elétrica para consumo por demanda contratada
6.258;Saída;Para Outros Estados;Energia Elétrica;Venda de energia elétrica a não contribuinte
6.301;Saída;Para Outros Estados;Comunicação;Prestação de serviço de comunicação para execução de serviço da mesma natureza
6.302;Saída;Para Outros Estados;Comunicação;Prestação de serviço de comunicação a estabelecimento industrial
6.303;Saída;Para Outros Estados;Comunicação;Prestação de serviço de comunicação a estabelecimento comercial
6.304;Saída;Para Outros Estados;Comunicação;Prestação de serviço de comunicação a estabelecimento de prestador de serviço de transporte
6.305;Saída;Para Outros Estados;Energia Elétrica;Prestação de serviço de comunicação a estabelecimento de geradora ou de distribuidora de energia elétrica
6.306;Saída;Para Outros Estados;Comunicação;Prestação de serviço de comunicação a estabelecimento de produtor rural
6.307;Saída;Para Outros Estados;Comunicação;Prestação de serviço de comunicação a não contribuinte
6.350;Saída;Para Outros Estados;Transporte;PRESTAÇÕES DE SERVIÇOS DE TRANSPORTE
6.351;Saída;Para Outros Estados;Transporte;Prestação de serviço de transporte para execução de serviço da mesma natureza
6.352;Saída;Para Outros Estados;Transporte;Prestação de serviço de transporte a estabelecimento industrial
6.353;Saída;Para Outros Estados;Transporte;Prestação de serviço de transporte a estabelecimento comercial
6.354;Saída;Para Outros Estados;Comunicação;Prestação de serviço de transporte a estabelecimento de prestador de serviço de comunicação
6.355;Saída;Para Outros Estados;Energia Elétrica;Prestação de serviço de transporte a estabelecimento de geradora ou de distribuidora de energia elétrica
6.356;Saída;Para Outros Estados;Transporte;Prestação de serviço de transporte a estabelecimento de produtor rural
6.357;Saída;Para Outros Estados;Transporte;Prestação de serviço de transporte a não contribuinte
6.359;Saída;Para Outros Estados;Transporte;"Prestação de serviço de transporte a contribuinte ou a não-contribuinte, quando a mercadoria transportada esteja dispensada de emissão de Nota Fiscal&nbsp;"
6.360;Saída;Para Outros Estados;Transporte;"Prestação de serviço de transporte a contribuinte substituto em relação ao serviço de transporte &nbsp;"
6.401;Saída;Para Outros Estados;Vendas;Venda de produção do estabelecimento quando o produto estiver sujeito ao regime de substituição tributária
6.402;Saída;Para Outros Estados;Vendas;Venda de produção do estabelecimento de produto sujeito ao regime de substituição tributária, em operação entre contribuintes substitutos do mesmo produto
6.403;Saída;Para Outros Estados;Vendas;Venda de mercadoria adquirida ou recebida de terceiros em operação com mercadoria sujeita ao regime de substituição tributária, na condição de contribuinte substituto
6.404;Saída;Para Outros Estados;Vendas;Venda de mercadoria sujeita ao regime de substituição tributária, cujo imposto já tenha sido retido anteriormente
6.408;Saída;Para Outros Estados;Transferências;Transferência de produção do estabelecimento quando o produto estiver sujeito ao regime de substituição tributária
6.409;Saída;Para Outros Estados;Transferências;Transferência de mercadoria adquirida ou recebida de terceiros, sujeita ao regime de substituição tributária
6.410;Saída;Para Outros Estados;Devolução;Devolução de compra para industrialização ou ptrodução rural quando a mercadoria sujeita ao regime de substituição tributária
6.411;Saída;Para Outros Estados;Devolução;Devolução de compra para comercialização em operação com mercadoria sujeita ao regime de substituição tributária
6.412;Saída;Para Outros Estados;Devolução;Devolução de bem do ativo imobilizado, em operação com mercadoria sujeita ao regime de substituição tributária
6.413;Saída;Para Outros Estados;Devolução;Devolução de mercadoria destinada ao uso ou consumo, em operação com mercadoria sujeita ao regime de substituição tributária
6.414;Saída;Para Outros Estados;Vendas;Remessa de produção do estabelecimento para venda fora do estabelecimento, quando o produto estiver sujeito ao regime de substituição tributária
6.415;Saída;Para Outros Estados;Vendas;Remessa de mercadoria adquirida ou recebida de terceiros para venda fora do estabelecimento, quando a referida ração com mercadoria sujeita ao regime de substituição tributária
6.501;Saída;Para Outros Estados;Vendas;Remessa de produção do estabelecimento, com fim específico de exportação
6.502;Saída;Para Outros Estados;Vendas;Remessa de mercadoria adquirida ou recebida de terceiros, com fim específico de exportação
6.503;Saída;Para Outros Estados;Devolução;Devolução de mercadoria recebida com fim específico de exportação
6.504;Saída;Para Outros Estados;Vendas;Remessa de mercadoria para formação de lote de exportação, de produto industrializado ou produzido pelo próprio estabelecimento.
6.505;Saída;Para Outros Estados;Vendas;Remessa de mercadoria, adquirida ou recebida de terceiros, para formação de lote de exportação.
6.550;Saída;Para Outros Estados;Vendas;OPERAÇÕES COM BENS DE ATIVO IMOBILIZADO E MATERIAIS PARA USO OU CONSUMO
6.551;Saída;Para Outros Estados;Vendas;Venda de bem do ativo imobilizado
6.552;Saída;Para Outros Estados;Transferências;Transferência de bem do ativo imobilizado
6.553;Saída;Para Outros Estados;Devolução;Devolução de compra de bem para o ativo imobilizado
6.554;Saída;Para Outros Estados;Vendas;Remessa de bem do ativo imobilizado para uso fora do estabelecimento
6.555;Saída;Para Outros Estados;Devolução;Devolução de bem do ativo imobilizado de terceiro, recebido para uso no estabelecimento
6.556;Saída;Para Outros Estados;Devolução;Devolução de compra de material de uso ou consumo
6.557;Saída;Para Outros Estados;Transferências;Transferência de material de uso ou consumo
6.603;Saída;Para Outros Estados;Outras;Ressarcimento de ICMS retido por substituição tributária
6.650;Saída;Para Outros Estados;Outras;SAÍDAS DE COMBUSTÍVEIS, DERIVADOS OU NÃO DE PETRÓLEO, E LUBRIFICANTE
6.651;Saída;Para Outros Estados;Vendas;Venda de combustível ou lubrificante, de produção do estabelecimento, destinados à industrialização subseqüente
6.652;Saída;Para Outros Estados;Vendas;Venda de combustível ou lubrificante, de produção do estabelecimento, destinados à comercialização
6.653;Saída;Para Outros Estados;Vendas;Venda de combustível ou lubrificante, de produção do estabelecimento, destinados a consumidor ou usuário final
6.654;Saída;Para Outros Estados;Vendas;Venda de combustível ou lubrificante, adquiridos ou recebidos de terceiros, destinados à industrialização subseqüente
6.655;Saída;Para Outros Estados;Vendas;Venda de combustível ou lubrificante, adquiridos ou recebidos de terceiros, destinados à comercialização
6.656;Saída;Para Outros Estados;Vendas;Venda de combustível ou lubrificante, adquiridos ou recebidos de terceiros, destinados a consumidor ou usuário final
6.657;Saída;Para Outros Estados;Vendas;Remessa de combustível ou lubrificante, adquiridos ou recebidos de terceiros, para venda fora do estabelecimento
6.658;Saída;Para Outros Estados;Transferências;Transferência de combustível ou lubrificante de produção do estabelecimento
6.660;Saída;Para Outros Estados;Devolução;Devolução de compra de combustível ou lubrificante adquiridos para industrialização subseqüente
6.661;Saída;Para Outros Estados;Devolução;Devolução de compra de combustível ou lubrificante adquiridos para comercialização
6.662;Saída;Para Outros Estados;Devolução;Devolução de compra de combustível ou lubrificante adquiridos por consumidor ou usuário final
6.663;Saída;Para Outros Estados;Outras;Remessa para armazenagem de combustível ou lubrificante
6.664;Saída;Para Outros Estados;Outras;Retorno de combustível ou lubrificante recebidos para armazenagem
6.665;Saída;Para Outros Estados;Outras;Retorno simbólico de combustível ou lubrificante recebidos para armazenagem
6.666;Saída;Para Outros Estados;Outras;Remessa, por conta e ordem de terceiros, de combustível ou lubrificante recebidos para armazenagem
6.667;Saída;Para Outros Estados;Vendas;Venda de combustível ou lubrificante a consumidor ou usuário final estabelecido em outra Unidade da Federação diferente da que ocorrer o consumo
6.901;Saída;Para Outros Estados;Outras;Remessa para industrialização por encomenda
6.902;Saída;Para Outros Estados;Outras;Retorno de mercadoria utilizada na industrialização por encomenda
6.903;Saída;Para Outros Estados;Outras;Retorno de mercadoria recebida para industrialização e não aplicada no referido processo
6.904;Saída;Para Outros Estados;Outras;Remessa para venda fora do estabelecimento
6.905;Saída;Para Outros Estados;Outras;Remessa para depósito fechado ou armazém geral
6.906;Saída;Para Outros Estados;Outras;Retorno de mercadoria depositada em depósito fechado ou armazém geral
6.907;Saída;Para Outros Estados;Outras;Retorno simbólico de mercadoria depositada em depósito fechado ou armazém geral
6.908;Saída;Para Outros Estados;Outras;Remessa de bem por conta de contrato de comodato
6.909;Saída;Para Outros Estados;Outras;Retorno de bem recebido por conta de contrato de comodato
6.910;Saída;Para Outros Estados;Outras;Remessa em bonificação, doação ou brinde
6.911;Saída;Para Outros Estados;Outras;Remessa de amostra grátis
6.912;Saída;Para Outros Estados;Outras;Remessa de mercadoria ou bem para demonstração
6.913;Saída;Para Outros Estados;Outras;Retorno de mercadoria ou bem recebido para demonstração
6.914;Saída;Para Outros Estados;Outras;Remessa de mercadoria ou bem para exposição ou feira
6.915;Saída;Para Outros Estados;Outras;Remessa de mercadoria ou bem para conserto ou reparo
6.916;Saída;Para Outros Estados;Outras;Retorno de mercadoria ou bem recebido para conserto ou reparo
6.917;Saída;Para Outros Estados;Outras;Remessa de mercadoria em consignação mercantil ou industrial
6.918;Saída;Para Outros Estados;Devolução;Devolução de mercadoria recebida em consignação mercantil ou industrial
6.919;Saída;Para Outros Estados;Devolução;Devolução simbólica de mercadoria vendida ou utilizada em processo industrial, recebida anteriormente em consignação mercantil ou industrial
6.920;Saída;Para Outros Estados;Outras;Remessa de vasilhame ou sacaria
6.921;Saída;Para Outros Estados;Devolução;Devolução de vasilhame ou sacaria
6.922;Saída;Para Outros Estados;Outras;Lançamento efetuado a título de simples faturamento decorrente de venda para entrega futura
6.923;Saída;Para Outros Estados;Outras;"Remessa de mercadoria por conta e ordem de terceiros, em venda à ordem ou em operações com armazém geral ou depósito fechado Vejamais[p5]&nbsp;(NR AJUSTE SINIEF 14, DE 11 DE DEZEMBRO DE 2009) efeitos a partir de 1º de julho de 2010– DECRETO 36.465/2011."
6.924;Saída;Para Outros Estados;Outras;Remessa para industrialização por conta e ordem do adquirente da mercadoria, quando esta não transitar pelo estabelecimento do adquirente
6.925;Saída;Para Outros Estados;Outras;Retorno de mercadoria recebida para industrialização por conta e ordem do adquirente da mercadoria, quando aquela não transitar pelo estabelecimento do adquirente
6.929;Saída;Para Outros Estados;Outras;Lançamento efetuado em decorrência de emissão de documento fiscal relativo a operação ou prestação também registrada em equipamento Emissor de Cupom Fiscal - ECF
6.931;Saída;Para Outros Estados;Transporte;Lançamento efetuado em decorrência da responsabilidade de retenção do imposto por substituição tributária, atribuída ao remetente ou alienante da mercadoria, pelo serviço de transporte realizado por transportador autônomo ou por transportador não inscrito na unidade da Federação onde iniciado o serviço
6.932;Saída;Para Outros Estados;Transporte;Prestação de serviço de transporte iniciada em unidade da Federação diversa daquela onde inscrito o prestador
6.933;Saída;Para Outros Estados;Outras;Prestação de serviço tributado pelo Imposto Sobre Serviços de Qualquer Natureza
6.934;Saída;Para Outros Estados;Outras;Remessa simbólica de mercadoria depositada em armazém geral ou depósito fechado- (ACR AJUSTE SINIEF 14, DE 11 DE DEZEMBRO DE 2009) efeitos a partir de 1º de julho de 2010 – DECRETO 36.465/2011.
6.949;Saída;Para Outros Estados;Outras;Outra saída de mercadoria ou prestação de serviço não especificado
7.101;Saída;Para o Exterior;Vendas;Venda de produção do estabelecimento
7.102;Saída;Para o Exterior;Vendas;Venda de mercadoria adquirida ou recebida de terceiros
7.105;Saída;Para o Exterior;Vendas;Venda de produção do estabelecimento, que não deva por ele transitar
7.106;Saída;Para o Exterior;Vendas;Venda de mercadoria adquirida ou recebida de terceiros, que não deva por ele transitar
7.127;Saída;Para o Exterior;Vendas;Venda de produção do estabelecimento sob o regime de drawback
7.201;Saída;Para o Exterior;Devolução;Devolução de compra para industrialização ou produção rural (NR Ajuste SINIEF 05/2005) (Decreto 28.868/2006)
7.202;Saída;Para o Exterior;Devolução;Devolução de compra para comercialização
7.205;Saída;Para o Exterior;Comunicação;Anulação de valor relativo à aquisição de serviço de comunicação
7.206;Saída;Para o Exterior;Transporte;Anulação de valor relativo a aquisição de serviço de transporte
7.207;Saída;Para o Exterior;Energia Elétrica;Anulação de valor relativo à compra de energia elétrica
7.210;Saída;Para o Exterior;Devolução;Devolução de compra para utilização na prestação de serviço
7.211;Saída;Para o Exterior;Devolução;Devolução de compras para industrialização sob o regime de drawback
7.250;Saída;Para o Exterior;Energia Elétrica;VENDAS DE ENERGIA ELÉTRICA
7.251;Saída;Para o Exterior;Energia Elétrica;Venda de energia elétrica para o exterior
7.301;Saída;Para o Exterior;Comunicação;Prestação de serviço de comunicação para execução de serviço da mesma natureza
7.358;Saída;Para o Exterior;Transporte;Prestação de serviço de transporte
7.501;Saída;Para o Exterior;Vendas;Exportação de mercadorias recebidas com fim específico de exportação
7.550;Saída;Para o Exterior;Ativo Permanente;OPERAÇÕES COM BENS DE ATIVO IMOBILIZADO E MATERIAIS PARA USO OU CONSUMO
7.551;Saída;Para o Exterior;Ativo Permanente;Venda de bem do ativo imobilizado
7.553;Saída;Para o Exterior;Devolução;Devolução de compra de bem para o ativo imobilizado
7.556;Saída;Para o Exterior;Devolução;Devolução de compra de material de uso ou consumo
7.650;Saída;Para o Exterior;Outras;SAÍDAS DE COMBUSTÍVEIS, DERIVADOS OU NÃO DE PETRÓLEO, E LUBRIFICANTES
7.651;Saída;Para o Exterior;Vendas;Venda de combustível ou lubrificante de produção do estabelecimento
7.654;Saída;Para o Exterior;Vendas;Venda de combustível ou lubrificante adquiridos ou recebidos de terceiros
7.667;Saída;Para o Exterior;Vendas;Venda de combustível ou lubrificante a consumidor ou usuário final
7.930;Saída;Para o Exterior;Devolução;Lançamento efetuado a título de devolução de bem cuja entrada tenha ocorrido sob amparo de regime especial aduaneiro de admissão temporária
7.949;Saída;Para o Exterior;Outras;Outra saída de mercadoria ou prestação de serviço não especificado
8.000;Entrada;Municipal;Serviços Tomados;Serviços Tomados tributados pelo ISSQN
9.000;Saída;Municipal;Serviços Prestados;Serviços Prestados tributados pelo ISSQN
